id_transaksi,id_warung,tanggal,kategori,nominal,rolling_mean_7d,rasio_vs_baseline,anomaly_score,is_anomaly,catatan
9C593A62-09F,WRG-001,2025-01-11,HPP,403243.0,403243.0,1.0,0.047521735102054374,0,Beli detergen & sabun
EC030B74-8FE,WRG-001,2025-01-11,HPP,730329.0,566786.0,1.2885445300342633,0.06495030536981672,0,Belanja ke pasar induk
80AC6AB6-47E,WRG-001,2025-01-12,HPP,989753.0,707775.0,1.3984006216664902,0.03704923408481908,0,Restok snack & biskuit 1 dus
DAF55C25-F8B,WRG-001,2025-01-12,HPP,173786.0,574277.75,0.3026166345466109,0.0027868882347532598,0,Beli minyak goreng 1 karton
B46C52D6-650,WRG-001,2025-02-11,HPP,1313627.0,722147.6,1.819056104319948,0.10040100598824103,0,Restok rokok ke agen
3757B399-804,WRG-001,2025-03-10,HPP,572411.0,697191.5,0.8210240658413076,0.0437335644720489,0,Restok telur 1 peti
DC6138C3-D97,WRG-001,2025-03-10,HPP,175099.0,622606.8571428572,0.28123525783755304,0.08156949748085429,0,Restok minuman botol
FFDC4327-696,WRG-001,2025-03-10,HPP,1053639.0,715520.5714285715,1.4725488575350931,0.11616510955566073,0,Restok minuman botol
583927CF-23D,WRG-001,2025-03-11,HPP,877239.0,736507.7142857143,1.1910791740325093,0.15729147908388608,0,
0FF7E900-F51,WRG-001,2025-03-11,HPP,669952.0,690821.8571428572,0.9697898134995728,0.15625405715675056,0,Beli aqua 1 karton
1DD6F768-F2C,WRG-001,2025-03-12,HPP,1377046.0,862716.1428571428,1.5961750703302013,0.11613786648296509,0,Beli minyak goreng 1 karton
14D39B95-DE6,WRG-001,2025-04-10,HPP,1183926.0,844187.4285714285,1.4024444808465013,0.12636039309405178,0,Restok gula & tepung
6CC83276-006,WRG-001,2025-04-10,HPP,1327891.0,952113.1428571428,1.394677733378626,0.10653750178128701,0,Beli minyak goreng 1 karton
B9BD354C-22C,WRG-001,2025-04-10,HPP,768865.0,1036936.8571428572,0.7414771639215392,0.13008068906577092,0,Restok gula & tepung
0027425C-3E7,WRG-001,2025-04-11,HPP,354296.0,937030.7142857143,0.37810500189428153,0.09603324269164498,0,Ambil indomie 2 dus ke distributor
6F1E867D-832,WRG-001,2025-04-11,HPP,1386953.0,1009847.0,1.3734288461519417,0.09708776906254674,0,Beli aqua 1 karton
D26AC381-C73,WRG-001,2025-06-10,HPP,732168.0,1018735.0,0.7187030974689198,0.12419629746610028,0,Restok gula & tepung
AAF5DDA6-22E,WRG-001,2025-06-10,HPP,327935.0,868862.0,0.3774304780275809,0.10264024085250428,0,Restok telur 1 peti
8B4EDEA5-5C7,WRG-001,2025-06-11,HPP,418537.0,759520.7142857143,0.5510540952047767,0.1444049135794015,0,
131C10F2-911,WRG-001,2025-07-10,HPP,396732.0,626498.0,0.6332534182072409,0.08825339757987227,0,
9B6579B7-B59,WRG-001,2025-07-12,HPP,1068195.0,669259.4285714285,1.5960850970454337,0.11385676435175446,0,Restok telur 1 peti
F6804B21-46F,WRG-001,2025-07-12,HPP,829208.0,737104.0,1.1249538735375197,0.13786984577382383,0,Beli minyak goreng 1 karton
A2C7D03D-B69,WRG-001,2025-07-12,HPP,1113158.0,697990.4285714285,1.5948041039449377,0.10209676024504077,0,Beli aqua 1 karton
1D2B34F7-D4F,WRG-001,2025-09-11,HPP,399806.0,650510.1428571428,0.614603791178396,0.08639168957276344,0,Restok telur 1 peti
9E27BD6E-53F,WRG-001,2025-09-11,HPP,687055.0,701813.0,0.9789716063965758,0.14808396550383696,0,Beli minyak goreng 1 karton
B1786AD0-8FF,WRG-001,2025-10-11,HPP,98583.0,656105.2857142857,0.1502548480350606,0.04627284269619458,0,Restok snack & biskuit 1 dus
83E2391D-F2B,WRG-001,2025-11-11,HPP,380053.0,653722.5714285715,0.5813674127382126,0.11802620290121946,0,Restok beras ke agen
7A6D61FB-719,WRG-001,2025-12-12,HPP,557825.0,580812.5714285715,0.9604217047643596,0.11606827473180908,0,Beli gas LPG 3kg isi 10
C815C95F-356,WRG-001,2026-01-01,HPP,947355.0,597690.7142857143,1.5850254610901242,0.0944497839990262,0,Restok minuman botol
CFF84074-06E,WRG-001,2026-01-01,HPP,293050.0,480532.4285714286,0.6098443779771664,0.0808328311658918,0,Beli detergen & sabun
2FC65C21-045,WRG-001,2026-01-03,HPP,261490.0,460773.0,0.567502870176855,0.05745203620926731,0,Beli gas LPG 3kg isi 10
C4E4D637-2BD,WRG-001,2026-02-01,HPP,534994.0,439050.0,1.2185263637398929,0.022312593222637123,0,Beli minyak goreng 1 karton
2DB8B76F-9AC,WRG-001,2026-02-01,HPP,1271920.0,606669.5714285715,2.096561390090675,0.03166523468831184,0,Beli aqua 1 karton
18A9C89E-2E6,WRG-001,2026-02-02,HPP,920733.0,683909.5714285715,1.3462788626817204,0.11530883658777158,0,Beli aqua 1 karton
932544F8-FCA,WRG-001,2026-02-03,HPP,991006.0,745792.5714285715,1.3287957509441537,0.1564162127431764,0,Beli aqua 1 karton
B8F20E3C-978,WRG-001,2026-03-02,HPP,722266.0,713637.0,1.0120915815743858,0.1043594656231594,0,Restok rokok ke agen
7F45D594-A4A,WRG-001,2026-03-02,HPP,260257.0,708952.2857142857,0.3671008687669088,0.10651134566983028,0,Beli aqua 1 karton
7E0DC079-3FF,WRG-001,2026-03-02,HPP,877705.0,796983.0,1.1012844690539196,0.13397290147512642,0,Beli detergen & sabun
ADDAE904-CA0,WRG-001,2026-05-01,HPP,1370452.0,916334.1428571428,1.495581072344321,0.09658255261458265,0,Ambil indomie 2 dus ke distributor
6A3FA725-1E0,WRG-001,2026-05-02,HPP,1364073.0,929498.8571428572,1.4675359625432567,0.11051918615529716,0,Restok beras ke agen
D9E56995-372,WRG-001,2026-05-02,HPP,839108.0,917838.1428571428,0.9142221932376188,0.1308404294075911,0,Restok telur 1 peti
F888FB22-586,WRG-001,2026-05-02,HPP,450346.0,840601.0,0.5357428792019043,0.11619486720301653,0,Belanja ke pasar induk
047170EB-EE0,WRG-001,2026-05-03,HPP,714481.0,839488.8571428572,0.851090510518135,0.09284227128454303,0,Restok minuman botol
25CC202A-79F,WRG-001,2026-05-04,HPP,1272012.0,984025.2857142857,1.2926619045939152,0.07364928518078628,0,Restok beras ke agen
28422393-7DD,WRG-001,2026-05-04,HPP,301587.0,901722.7142857143,0.33445647450380295,0.08219432910516555,0,Beli minyak goreng 1 karton
ED51F4BA-AB0,WRG-001,2026-06-01,HPP,870423.0,830290.0,1.0483361235231063,0.114517737308105,0,Restok minuman botol
001FDBD4-105,WRG-001,2026-06-02,HPP,974194.0,774593.0,1.2576850036083467,0.08740603229607313,0,Beli aqua 1 karton
45835A01-50E,WRG-001,2026-06-02,HPP,275054.0,694013.8571428572,0.3963234986868315,0.1327647095227597,0,Restok gula & tepung
49F6928F-0D3,WRG-001,2026-06-04,HPP,528295.0,705149.4285714285,0.7491958138153494,0.14611915912489193,0,Belanja ke pasar induk
3CE161BF-A27,WRG-001,2026-06-04,HPP,492514.0,673439.8571428572,0.7313407348497978,0.1667528989198031,0,Belanja ke pasar induk
4C0A72C9-D84,WRG-001,2026-06-04,HPP,776649.0,602673.7142857143,1.2886724301896595,0.14072159202429502,0,
0F0EBCE1-0E8,WRG-001,2026-07-01,HPP,264426.0,597365.0,0.4426539887673365,0.0441336857858331,0,Beli minyak goreng 1 karton
88B8084F-68D,WRG-001,2026-07-03,HPP,635194.0,563760.8571428572,1.1267082344438852,0.12351984665713811,0,Ambil indomie 2 dus ke distributor
84353985-788,WRG-001,2026-07-04,HPP,1222995.0,599303.8571428572,2.0406926893989144,0.02959714952312864,0,Restok minuman botol
B6EFE3C0-EDC,WRG-001,2026-08-01,HPP,1125784.0,720836.7142857143,1.5617739464277327,0.0712295420133785,0,Restok telur 1 peti
B19CD7F3-77C,WRG-001,2026-08-02,HPP,865686.0,769035.4285714285,1.1256776578006438,0.12152585544315936,0,
B783AC40-C71,WRG-001,2026-08-02,HPP,1087676.0,854058.5714285715,1.273537947380658,0.06535308833687892,0,Beli minyak goreng 1 karton
0DAF43D0-891,WRG-001,2026-08-02,HPP,1274365.0,925160.8571428572,1.37745235345946,0.08706030867766301,0,Belanja ke pasar induk
25B5E5B3-D2E,WRG-001,2026-08-04,HPP,1064294.0,1039427.7142857143,1.023923054362057,0.07898824467379062,0,Restok telur 1 peti
7B932AE7-5F0,WRG-001,2026-09-01,HPP,586810.0,1032515.7142857143,0.568330333263693,0.10991456816604839,0,Restok beras ke agen
FB52FE5D-B7C,WRG-001,2026-09-01,HPP,914034.0,988378.4285714285,0.9247814132498989,0.13675000334604925,0,Beli gas LPG 3kg isi 10
74A11C63-9C0,WRG-001,2026-09-01,HPP,813571.0,943776.5714285715,0.8620377159485083,0.14599611328376766,0,Belanja ke pasar induk
13E87958-C09,WRG-001,2026-09-02,HPP,861951.0,943243.0,0.9138164820730184,0.12939589176809962,0,Restok rokok ke agen
D67E209B-492,WRG-001,2026-09-02,HPP,809671.0,903528.0,0.8961216475859077,0.13795763853192577,0,Restok beras ke agen
35529491-7C3,WRG-001,2026-09-03,HPP,487108.0,791062.7142857143,0.6157640743311122,0.16057032006253086,0,Restok telur 1 peti
7F280C62-C5C,WRG-001,2026-09-04,HPP,1419669.0,841830.5714285715,1.6864070374527347,0.10030477147937217,0,Beli detergen & sabun
D0503EBE-1A1,WRG-001,2026-10-01,HPP,1413011.0,959859.2857142857,1.4721022352234665,0.11360773233564508,0,Restok minuman botol
6C23ED6F-844,WRG-001,2026-10-02,HPP,1226207.0,1004455.4285714285,1.2207679555716617,0.12295556433310911,0,Restok telur 1 peti
B956F5F6-E8F,WRG-001,2026-10-03,HPP,1031455.0,1035581.7142857143,0.996015076136642,0.10437484098723532,0,Beli gas LPG 3kg isi 10
01337098-086,WRG-001,2026-11-01,HPP,434754.0,974553.5714285715,0.44610579935868067,0.06369250927180081,0,Beli aqua 1 karton
D37A32A3-9D8,WRG-001,2026-11-01,HPP,1089941.0,1014592.1428571428,1.0742651691848026,0.10824510450666835,0,Restok beras ke agen
C91F1ADD-64A,WRG-001,2026-11-01,HPP,1067188.0,1097460.7142857143,0.9724156738444917,0.0377467587980832,0,Belanja ke pasar induk
431943B0-CFC,WRG-001,2026-11-02,HPP,1455847.0,1102629.0,1.3203416561690287,0.05452661022868266,0,Belanja ke pasar induk
CCE3250E-756,WRG-001,2026-11-02,HPP,1411738.0,1102447.142857143,1.280549375221099,0.015053316491777102,0,Ambil indomie 2 dus ke distributor
3FA708EF-D20,WRG-001,2026-11-04,HPP,593202.0,1012017.8571428572,0.5861576412048065,0.045929875848333857,0,
1ED33640-913,WRG-001,2026-11-04,HPP,387058.0,919961.1428571428,0.42073298748021654,0.10941862729962881,0,Restok rokok ke agen
1BA10F4C-D2F,WRG-001,2026-12-01,HPP,84576.0,869935.7142857143,0.0972209769194768,0.005488305870354204,0,
C85F0404-2DE,WRG-001,2026-12-01,HPP,887148.0,840965.2857142857,1.054916314704344,0.13064938684549232,0,
5E717201-A4B,WRG-001,2025-01-10,Operasional,15561.0,15561.0,1.0,0.00564193309529748,0,Beli kantong kresek
75F566A2-5E7,WRG-001,2025-01-11,Operasional,72194.0,43877.5,1.6453535411087687,0.08100106754504466,0,Beli selotip & alat tulis
ECBAABE9-B38,WRG-001,2025-07-11,Operasional,43152.0,43635.666666666664,0.9889157951828398,0.133345052595924,0,Beli kantong kresek
4BCEDF1E-C74,WRG-001,2025-07-12,Operasional,10104.0,35252.75,0.2866159377637206,0.016449280282954337,0,Bayar listrik warung
B1DDA6FB-519,WRG-001,2025-08-10,Operasional,16995.0,31601.2,0.5377960330620356,0.05322636650080603,0,Beli struk kasir
3DE4A5DC-06D,WRG-001,2025-08-12,Operasional,49952.0,34659.666666666664,1.4412140913068987,0.04170020816099218,0,Beli label harga
ADB26A94-AAB,WRG-001,2025-09-11,Operasional,96875.0,43547.57142857143,2.224578703749266,-0.020476988465577883,1,Ongkos kirim barang dari distributor
271D929C-CA8,WRG-001,2025-12-11,Operasional,57028.0,49471.42857142857,1.152746173837713,0.12003997230699548,0,
478E8C53-AC6,WRG-001,2026-01-03,Operasional,102600.0,53815.142857142855,1.9065265751010072,0.0702171696567001,0,Bayar listrik warung
9BA723F2-BB0,WRG-001,2026-07-03,Operasional,110283.0,63405.28571428572,1.7393344854079311,0.09007608714978427,0,Bensin motor untuk belanja
A856FB79-3EA,WRG-001,2026-07-04,Operasional,22748.0,65211.57142857143,0.34883379593017017,0.09523007863063127,0,Bayar listrik warung
7EB6201B-121,WRG-001,2026-08-04,Operasional,12251.0,64533.857142857145,0.18983833513748044,0.05588222638368057,0,Ongkos kirim barang dari distributor
2C67C257-F25,WRG-001,2026-10-03,Operasional,12096.0,59125.857142857145,0.20458054368284603,0.07754408937981494,0,Ongkos kirim barang dari distributor
02CDF821-383,WRG-001,2026-10-04,Operasional,84002.0,57286.857142857145,1.466339823644416,0.10888306827410521,0,Bayar air PDAM
FEA2CDA4-27B,WRG-001,2026-11-04,Operasional,15143.0,51303.28571428572,0.2951662800767425,0.09246582413678028,0,
7A1AE5CE-802,WRG-001,2025-01-10,Overhead,585020.0,585020.0,1.0,0.14815888613968642,0,Biaya promosi (cetak brosur)
6EE956A6-8D0,WRG-001,2025-01-12,Overhead,898719.0,741869.5,1.2114246508314468,0.07741307598593306,0,Bayar iuran keamanan RT
F52B33CC-838,WRG-001,2025-02-10,Overhead,318637.0,600792.0,0.5303615893687,0.11972098883392068,0,Biaya promosi (cetak brosur)
54204A78-F5B,WRG-001,2025-02-11,Overhead,663321.0,616424.25,1.0760786909340443,0.16515735943178106,0,Bayar cicilan etalase
78E4A0EF-5CD,WRG-001,2025-02-12,Overhead,841442.0,661427.8,1.2721600150462378,0.08786137573872066,0,Bayar sewa toko bulan ini
166D3792-FF6,WRG-001,2025-03-10,Overhead,589486.0,649437.5,0.9076870368588201,0.1173932876362368,0,Bayar wifi bulanan
73ABAD5C-4BD,WRG-001,2025-03-11,Overhead,296433.0,599008.2857142857,0.49487295429731715,0.11158845528321443,0,Biaya perbaikan rak toko
815DB86D-BB1,WRG-001,2025-03-12,Overhead,871959.0,639999.5714285715,1.3624368498461048,0.14531910733595932,0,
3210115A-EB0,WRG-001,2026-01-02,Overhead,167469.0,535535.2857142857,0.3127132879332748,-0.018020071809234484,1,Bayar iuran keamanan RT
7AA9BCCE-698,WRG-001,2026-01-03,Overhead,946976.0,625298.0,1.514439515239134,0.06478811270832252,0,Bayar sewa toko bulan ini
B5867E00-78B,WRG-001,2026-02-01,Overhead,947286.0,665864.4285714285,1.422640945143059,0.04051365879157842,0,Biaya perbaikan rak toko
D1DC01CD-19C,WRG-001,2026-02-02,Overhead,944986.0,680656.4285714285,1.3883450744501895,0.06402882382388386,0,Bayar iuran keamanan RT
81628003-C4E,WRG-001,2026-02-03,Overhead,827623.0,714676.0,1.1580394472460247,0.12175996238784303,0,Biaya perbaikan rak toko
49EEC2D7-051,WRG-001,2026-03-02,Overhead,419462.0,732251.5714285715,0.5728386477637174,0.051712976067880057,0,Gaji karyawan
3C50D918-AAE,WRG-001,2026-03-03,Overhead,297321.0,650160.4285714285,0.4573040544059126,0.03875023723470861,0,Bayar iuran keamanan RT
76F6E374-53F,WRG-002,2025-01-12,HPP,729114.0,729114.0,1.0,0.1271927119472343,0,Beli minyak goreng 1 karton
626600DF-2B0,WRG-002,2025-01-12,HPP,1424214.0,1076664.0,1.3228026570963642,0.06528951375565972,0,Belanja ke pasar induk
67BB0A44-523,WRG-002,2025-01-12,HPP,1283961.0,1145763.0,1.1206165673005675,0.07398575960754383,0,Restok telur 1 peti
FC90A5E5-471,WRG-002,2025-02-10,HPP,1375623.0,1203228.0,1.1432770846423121,0.053975645858806987,0,Beli gas LPG 3kg isi 10
42EAA2A6-1F6,WRG-002,2025-03-11,HPP,1426830.0,1247948.4,1.143340541964716,0.03562519336956693,0,Beli minyak goreng 1 karton
2BA254C4-1FF,WRG-002,2025-03-11,HPP,1170456.0,1235033.0,0.9477123283345465,0.0746316020131308,0,Restok rokok ke agen
0CAB657D-04E,WRG-002,2025-04-10,HPP,1284042.0,1242034.2857142857,1.0338217026445096,0.060897292318699,0,Ambil indomie 2 dus ke distributor
BD175CE5-7A4,WRG-002,2025-06-10,HPP,1326004.0,1327304.2857142857,0.9990203559739236,0.03797613896413021,0,Restok rokok ke agen
B0FB39A3-875,WRG-002,2025-07-10,HPP,777871.0,1234969.5714285714,0.6298705798072295,0.06726186858451277,0,Restok telur 1 peti
E987C333-0D0,WRG-002,2025-07-10,HPP,963802.0,1189232.5714285714,0.8104402983532718,0.0868520578862132,0,Beli detergen & sabun
B1D91222-735,WRG-002,2025-07-12,HPP,1324411.0,1181916.5714285714,1.1205621716592036,0.07496610620578059,0,Restok telur 1 peti
35F7C60F-FFF,WRG-002,2025-08-11,HPP,1332935.0,1168503.0,1.140720220658398,0.04635441487830971,0,Belanja ke pasar induk
0E0C6671-E5B,WRG-002,2025-08-12,HPP,255031.0,1037728.0,0.24575900428628697,0.06094117182271053,0,Beli aqua 1 karton
515BBC8D-B6A,WRG-002,2025-09-11,HPP,1008914.0,998424.0,1.0105065583359374,0.11896313966051147,0,Beli gas LPG 3kg isi 10
23D6832C-D05,WRG-002,2025-09-11,HPP,1040511.0,957639.2857142857,1.0865375048016142,0.14616965776445445,0,Beli detergen & sabun
B9BCDCC3-150,WRG-002,2025-09-11,HPP,330464.0,893724.0,0.36976068674445356,0.11136216679968369,0,Beli minyak goreng 1 karton
AA35FD44-296,WRG-002,2025-09-12,HPP,578396.0,838666.0,0.689661915470521,0.1552449699127748,0,Beli detergen & sabun
FF61DDF6-541,WRG-002,2025-09-12,HPP,433254.0,711357.8571428572,0.6090521045766597,0.14598739912223596,0,Restok rokok ke agen
D88D244C-A6B,WRG-002,2025-09-12,HPP,532870.0,597062.8571428572,0.8924855961564229,0.13871714004809105,0,Ambil indomie 2 dus ke distributor
100C8C1E-3E1,WRG-002,2025-10-10,HPP,937301.0,694530.0,1.349547175787943,0.15049086824843122,0,Beli detergen & sabun
049BA53E-837,WRG-002,2025-10-11,HPP,429017.0,611687.5714285715,0.7013662203370394,0.12293347742730065,0,Restok gula & tepung
97E2EFAA-8EF,WRG-002,2025-10-11,HPP,1481949.0,674750.1428571428,2.19629297701943,-0.024963415176964432,1,Ambil indomie 2 dus ke distributor
30487934-9D2,WRG-002,2025-10-11,HPP,331629.0,674916.5714285715,0.4913629536433709,0.05552681141519522,0,Ambil indomie 2 dus ke distributor
3B13972B-CC9,WRG-002,2026-01-04,HPP,187409.0,619061.2857142857,0.30273093201711626,0.06596625074439866,0,Restok beras ke agen
D25176A9-129,WRG-002,2026-01-04,HPP,607408.0,643940.4285714285,0.9432673785485481,0.11237893349501488,0,Restok snack & biskuit 1 dus
1489A3E4-C18,WRG-002,2026-02-02,HPP,1374356.0,764152.7142857143,1.798535782581978,-0.0047190691850523825,1,Beli detergen & sabun
4CA607C4-5E4,WRG-002,2026-02-02,HPP,266673.0,668348.7142857143,0.39900278746702156,0.10644875777996055,0,Restok snack & biskuit 1 dus
AA879C30-D19,WRG-002,2026-02-03,HPP,993373.0,748971.0,1.3263170403126423,0.15681342227833595,0,Restok telur 1 peti
E0478CD5-16E,WRG-002,2026-03-01,HPP,763782.0,646375.7142857143,1.1816378355799257,0.09492013918696424,0,Restok minuman botol
5D38232E-80B,WRG-002,2026-04-04,HPP,523912.0,673844.7142857143,0.7774966381614415,0.11599935773190129,0,Restok beras ke agen
276BB181-C63,WRG-002,2026-05-01,HPP,556017.0,726503.0,0.7653333847210542,0.14705308558042807,0,Belanja ke pasar induk
4B561E41-DC5,WRG-002,2026-05-02,HPP,714349.0,741780.2857142857,0.9630196619638237,0.14455353385476133,0,Restok gula & tepung
9AF021DF-397,WRG-002,2026-05-02,HPP,1491338.0,758492.0,1.9661881733755926,0.046309106955285784,0,Restok rokok ke agen
A300C16A-FED,WRG-002,2026-05-02,HPP,403851.0,778088.8571428572,0.5190294094211054,0.10528278022834026,0,Belanja ke pasar induk
8F592E44-668,WRG-002,2026-05-03,HPP,401275.0,693503.4285714285,0.5786200665605938,0.08496119652652734,0,Beli aqua 1 karton
277344CF-9CB,WRG-002,2026-06-04,HPP,337894.0,632662.2857142857,0.534082728858276,0.14113374582202615,0,Beli minyak goreng 1 karton
706D9FE4-056,WRG-002,2026-06-04,HPP,491142.0,627980.8571428572,0.7820970884917784,0.0968088900812133,0,Ambil indomie 2 dus ke distributor
C82623A9-C23,WRG-002,2026-07-02,HPP,713297.0,650449.4285714285,1.0966217643800573,0.10534693582641624,0,Restok minuman botol
F6BEC718-147,WRG-002,2026-07-02,HPP,768501.0,658185.4285714285,1.1676056117924216,0.15524526089345603,0,Restok gula & tepung
1B4510CA-9CB,WRG-002,2026-07-04,HPP,773043.0,555571.8571428572,1.3914365712754657,0.05620708052722023,0,Beli detergen & sabun
D04BAF7A-D54,WRG-002,2026-07-04,HPP,254935.0,534298.1428571428,0.4771399702734188,0.017883405104513472,0,Beli gas LPG 3kg isi 10
DAC6A06E-259,WRG-002,2026-08-01,HPP,631008.0,567117.1428571428,1.1126590122474067,0.05938822577125935,0,Restok telur 1 peti
A0ECF4D8-FD4,WRG-002,2026-09-01,HPP,501978.0,590557.7142857143,0.8500066764975673,0.12611351870136428,0,Ambil indomie 2 dus ke distributor
AA012B5D-322,WRG-002,2026-09-01,HPP,705122.0,621126.2857142857,1.1352312987191011,0.11486149233070175,0,Restok snack & biskuit 1 dus
A863CBC0-964,WRG-002,2026-09-01,HPP,154456.0,541291.8571428572,0.28534698603314873,0.06771602052837644,0,Beli minyak goreng 1 karton
C9491EED-B82,WRG-002,2026-09-02,HPP,228485.0,464146.71428571426,0.49226891620168134,0.06008156723879565,0,Belanja ke pasar induk
B589FCF3-B32,WRG-002,2026-09-02,HPP,1009958.0,497991.71428571426,2.0280618553033873,-0.014610236582117797,1,Restok telur 1 peti
2092DB52-39C,WRG-002,2026-09-03,HPP,763410.0,570631.0,1.3378347828982302,0.12002489063081484,0,Ambil indomie 2 dus ke distributor
4D07FC7B-354,WRG-002,2026-09-03,HPP,832709.0,599445.4285714285,1.3891322884628126,0.06247408428657186,0,Restok telur 1 peti
D30A4E90-C7D,WRG-002,2026-09-03,HPP,1104065.0,685457.8571428572,1.6106971252791409,0.12877211650321085,0,Restok gula & tepung
8788DD71-D78,WRG-002,2026-10-02,HPP,734930.0,689716.1428571428,1.0655542973890086,0.10715998148363326,0,Beli minyak goreng 1 karton
0FC29D55-498,WRG-002,2026-10-02,HPP,311605.0,712166.0,0.4375454599068195,0.13425175972469772,0,Beli gas LPG 3kg isi 10
AB860BEF-9FA,WRG-002,2026-10-03,HPP,1350177.0,872407.7142857143,1.5476444991152563,0.07480074072028675,0,Beli gas LPG 3kg isi 10
6F0BA6E0-179,WRG-002,2026-11-03,HPP,1488087.0,940711.8571428572,1.5818733320951626,0.08014637661448054,0,Beli detergen & sabun
7C164125-989,WRG-002,2026-12-01,HPP,217833.0,862772.2857142857,0.25248029359178703,0.09556807075843587,0,Restok telur 1 peti
80D56917-896,WRG-002,2026-12-01,HPP,210061.0,773822.5714285715,0.2714588689396868,0.09098608899104393,0,Restok snack & biskuit 1 dus
7B746775-CAB,WRG-002,2026-12-04,HPP,366831.0,668503.4285714285,0.5487346576275707,0.12245383445943941,0,Beli aqua 1 karton
59945C1D-B5C,WRG-002,2025-01-10,Operasional,76489.0,76489.0,1.0,0.09350210656977848,0,Beli label harga
4F8731CF-5FE,WRG-002,2025-01-12,Operasional,12307.0,44398.0,0.2771971710437407,0.05960982391136593,0,Beli selotip & alat tulis
C5812489-AA0,WRG-002,2025-02-12,Operasional,82998.0,57264.666666666664,1.4493754147409106,0.12713428375070635,0,Bayar parkir pasar
E85D0956-915,WRG-002,2025-03-12,Operasional,46371.0,54541.25,0.8502005362913391,0.0840569710215282,0,Beli label harga
D5B1D4E8-AB6,WRG-002,2025-04-10,Operasional,112122.0,66057.4,1.6973420086167486,0.07995212440824506,0,Ongkos kirim barang dari distributor
6992FDA4-E77,WRG-002,2025-07-12,Operasional,79042.0,68221.5,1.1586083566031236,0.1303285615946878,0,
EF5EF12A-B73,WRG-002,2025-08-10,Operasional,69924.0,68464.71428571429,1.0213144205670073,0.11359507300725957,0,Beli selotip & alat tulis
F2F12E22-CB1,WRG-002,2025-11-12,Operasional,118622.0,74483.71428571429,1.5925897511632456,0.04890497489913259,0,Beli selotip & alat tulis
426B34C3-DFA,WRG-002,2025-12-12,Operasional,90684.0,85680.42857142857,1.0583980672365585,-0.0005579933830514028,1,Bayar air PDAM
413D79A6-5A9,WRG-002,2026-01-01,Operasional,66491.0,83322.28571428571,0.7979977917072435,0.07076605618441856,0,Beli selotip & alat tulis
A7F0645C-301,WRG-002,2026-02-04,Operasional,67415.0,86328.57142857143,0.7809117987754426,0.06732307329101628,0,Bensin motor untuk belanja
EDF7DAE9-51D,WRG-002,2026-03-04,Operasional,107510.0,85669.71428571429,1.254935900001334,0.04589070723428368,0,Bensin motor untuk belanja
34E5884C-76A,WRG-002,2026-04-04,Operasional,22882.0,77646.85714285714,0.29469318967928054,0.034785091140165814,0,Beli struk kasir
7FD45BF9-856,WRG-002,2026-05-03,Operasional,15984.0,69941.14285714286,0.2285350131130665,0.05774012268500173,0,Ongkos kirim barang dari distributor
F83F3D26-183,WRG-002,2026-06-02,Operasional,77170.0,64019.42857142857,1.2054153203491798,0.06711676351504192,0,Bensin motor untuk belanja
DF504F62-C0E,WRG-002,2026-07-03,Operasional,23530.0,54426.0,0.4323301363319002,0.057692288281889326,0,Beli selotip & alat tulis
1816D342-9C3,WRG-002,2026-08-01,Operasional,44390.0,51268.71428571428,0.8658301776912125,0.12386753039567944,0,Ongkos kirim barang dari distributor
41B76A68-1ED,WRG-002,2026-09-01,Operasional,42711.0,47739.57142857143,0.8946665988383402,0.11479412596983601,0,Ongkos kirim barang dari distributor
59B0B62C-D7D,WRG-002,2026-10-01,Operasional,66977.0,41949.142857142855,1.5966238029723068,0.0935855433846331,0,Beli baterai timbangan
F69C73A7-F69,WRG-002,2026-10-03,Operasional,119449.0,55744.42857142857,2.142797102080669,-0.002030715162255281,1,
0BFFA224-948,WRG-002,2026-11-04,Operasional,35473.0,58528.57142857143,0.6060800585794484,0.1062495844333452,0,Bayar air PDAM
808AD4FA-5E9,WRG-002,2025-01-12,Overhead,633610.0,633610.0,1.0,0.08232969645089672,0,Bayar iuran keamanan RT
E1438A57-A5B,WRG-002,2025-02-10,Overhead,751374.0,692492.0,1.0850291411308723,0.08443700116030928,0,Biaya perbaikan rak toko
5704BF0F-E8E,WRG-002,2025-02-12,Overhead,769009.0,717997.6666666666,1.0710466561404797,0.14741909836134875,0,Biaya tak terduga
E8EE3773-8E3,WRG-002,2025-03-10,Overhead,673120.0,706778.25,0.9523779205146734,0.11563687487517227,0,Biaya perbaikan rak toko
945B11D7-E01,WRG-002,2025-03-12,Overhead,348766.0,635175.8,0.549085780661039,0.12088246087698862,0,Bayar wifi bulanan
BB8DF36A-99A,WRG-002,2026-01-01,Overhead,676942.0,642136.8333333334,1.0542021028228405,0.15170453513966053,0,Bayar cicilan etalase
41D2590F-D71,WRG-002,2026-01-02,Overhead,908714.0,680219.2857142857,1.3359133136688064,0.11715281749988027,0,Bayar wifi bulanan
A93E55A1-F6D,WRG-002,2026-01-04,Overhead,471126.0,657007.2857142857,0.7170788060406376,0.05693222057688252,0,
D53EA04E-E97,WRG-002,2026-02-01,Overhead,250837.0,585502.0,0.42841356647799667,0.05709627396854711,0,Bayar iuran keamanan RT
24B7EAFA-43F,WRG-002,2026-02-03,Overhead,910013.0,605645.4285714285,1.5025507616667746,0.08440443773786055,0,Biaya perbaikan rak toko
3FFA0170-F74,WRG-002,2026-03-02,Overhead,896362.0,637537.1428571428,1.4059761223995912,0.10469730760851381,0,Bayar cicilan etalase
5F742668-8F4,WRG-002,2026-03-03,Overhead,619448.0,676206.0,0.9160640396565544,0.15676420447012807,0,Bayar wifi bulanan
99D2495F-0A0,WRG-003,2025-01-10,HPP,387265.0,387265.0,1.0,0.05981211448636359,0,Beli aqua 1 karton
012732FC-359,WRG-003,2025-01-10,HPP,714098.0,550681.5,1.2967532048924832,0.11050773748838244,0,Beli gas LPG 3kg isi 10
3986C2A3-529,WRG-003,2025-01-12,HPP,1164997.0,755453.3333333334,1.5421164333998127,0.10738168722063007,0,Restok telur 1 peti
11E91143-B18,WRG-003,2025-01-12,HPP,1004162.0,817630.5,1.2281366705376084,0.12206573734601694,0,Restok snack & biskuit 1 dus
61244E20-9B1,WRG-003,2025-01-12,HPP,151581.0,684420.6,0.2214734623709456,0.044017160578647685,0,Restok beras ke agen
BF85C19B-273,WRG-003,2025-02-12,HPP,737731.0,693305.6666666666,1.0640775569409742,0.15952639931749624,0,Beli detergen & sabun
0C696F60-5BC,WRG-003,2025-02-12,HPP,299606.0,637062.8571428572,0.47029268248928113,0.10966679052076372,0,Beli detergen & sabun
610EB848-903,WRG-003,2025-03-11,HPP,1468297.0,791496.0,1.8550908659045655,0.06072965829497223,0,Beli aqua 1 karton
09BE7B16-831,WRG-003,2025-03-12,HPP,476551.0,757560.7142857143,0.6290598113305392,0.15603983870378801,0,Restok beras ke agen
E4812BCB-7BE,WRG-003,2025-03-12,HPP,599315.0,676749.0,0.8855794393490053,0.16125889748875027,0,Beli gas LPG 3kg isi 10
0E462518-D18,WRG-003,2025-03-12,HPP,889667.0,660392.5714285715,1.3471789939663592,0.14474022374606577,0,
5F2BB82F-2B0,WRG-003,2025-04-10,HPP,619210.0,727196.7142857143,0.851502747242493,0.10073306366324969,0,
4E90185E-D20,WRG-003,2025-04-11,HPP,576502.0,704164.0,0.818704165506899,0.09204528159046349,0,Restok gula & tepung
5A6DF1B6-223,WRG-003,2025-04-11,HPP,443419.0,724708.7142857143,0.6118582421587707,0.144792905705386,0,Beli detergen & sabun
40D9186F-5C7,WRG-003,2025-04-11,HPP,1343834.0,706928.2857142857,1.9009481260778525,0.015898860475028975,0,Beli minyak goreng 1 karton
3E17AAF3-265,WRG-003,2025-04-12,HPP,1071588.0,791933.5714285715,1.353128644447992,0.11688362351812887,0,Beli minyak goreng 1 karton
6CFD2DC4-2CE,WRG-003,2025-04-12,HPP,1467809.0,916004.1428571428,1.6024043247465038,0.0841695147117677,0,Beli aqua 1 karton
CF5D8257-CDA,WRG-003,2025-05-10,HPP,1256675.0,968433.8571428572,1.297636375196064,0.09955466099572036,0,Restok minuman botol
352E3BE7-255,WRG-003,2025-05-10,HPP,1300032.0,1065694.142857143,1.219892225845019,0.023334819102281967,0,Belanja ke pasar induk
B3CE2172-883,WRG-003,2025-05-10,HPP,997532.0,1125841.2857142857,0.8860325275486053,0.08709542043252438,0,Restok rokok ke agen
80D64713-906,WRG-003,2025-06-10,HPP,576606.0,1144868.0,0.503644088226765,0.015200498038090537,0,Beli minyak goreng 1 karton
BD36EBE9-8DB,WRG-003,2025-06-10,HPP,888678.0,1079845.7142857143,0.8229675667952564,0.04818850053192325,0,Beli aqua 1 karton
25EAFF33-6DE,WRG-003,2025-06-12,HPP,379927.0,981037.0,0.3872708164931598,0.10494737937530041,0,
EEAF30D9-F5D,WRG-003,2025-06-12,HPP,799277.0,885532.4285714285,0.9025948392307002,0.08997680388740908,0,Beli gas LPG 3kg isi 10
E72FD42C-674,WRG-003,2025-06-12,HPP,1259940.0,885998.8571428572,1.4220560103915,0.13418867991555772,0,Restok telur 1 peti
A47BAE40-881,WRG-003,2025-07-10,HPP,1444632.0,906656.0,1.593362863092507,0.09330912312382844,0,Restok rokok ke agen
C2A0E048-5DA,WRG-003,2025-07-10,HPP,376753.0,817973.2857142857,0.4605932816876835,0.1321565143391979,0,Restok telur 1 peti
258E3B20-AA7,WRG-003,2025-07-11,HPP,634180.0,826198.1428571428,0.7675882661838124,0.13960268646399437,0,Beli minyak goreng 1 karton
9FACC404-E88,WRG-003,2025-07-12,HPP,1384393.0,897014.5714285715,1.5433339034785547,0.07516142154845273,0,Beli detergen & sabun
C2D58196-5DA,WRG-003,2025-07-12,HPP,1495464.0,1056377.0,1.4156536918164633,0.04902375638942713,0,
112A6722-307,WRG-003,2025-08-10,HPP,140669.0,962290.1428571428,0.14618148283462473,-0.042978025908275375,1,Beli aqua 1 karton
4B2FCFE8-299,WRG-003,2025-08-12,HPP,838196.0,902041.0,0.9292216207467288,0.09305782465020246,0,Ambil indomie 2 dus ke distributor
52B48985-BDD,WRG-003,2025-09-12,HPP,588192.0,779692.4285714285,0.7543897804390632,0.15902335010869073,0,Restok rokok ke agen
45421D5A-E9E,WRG-003,2025-09-12,HPP,1197615.0,896958.4285714285,1.3351956588527993,0.1392896390540858,0,Restok beras ke agen
E15F814A-81B,WRG-003,2025-10-11,HPP,689800.0,904904.1428571428,0.762290686195807,0.12200701120070917,0,Restok rokok ke agen
ED5DDD7B-E58,WRG-003,2025-11-12,HPP,745972.0,813701.1428571428,0.9167641050382134,0.16866971836180594,0,
E8A9B8C6-D5D,WRG-003,2025-12-12,HPP,417279.0,659674.7142857143,0.6325526671911675,0.15467048068751782,0,Beli aqua 1 karton
5CB558F8-3C0,WRG-003,2026-01-03,HPP,1395345.0,838914.1428571428,1.6632750942161798,0.07960181916333864,0,Belanja ke pasar induk
53256713-79D,WRG-003,2026-02-01,HPP,464455.0,785522.5714285715,0.5912688150454165,0.08733259562981943,0,Belanja ke pasar induk
2DF775F0-B7F,WRG-003,2026-02-01,HPP,1439105.0,907081.5714285715,1.586522144566932,0.030278911698871758,0,Beli minyak goreng 1 karton
B9DF6F1F-AAF,WRG-003,2026-02-02,HPP,641269.0,827603.5714285715,0.7748504503104919,0.12308862241456792,0,Restok snack & biskuit 1 dus
46E26916-F9E,WRG-003,2026-02-02,HPP,799014.0,843205.5714285715,0.9475909873867395,0.11253342129919042,0,Ambil indomie 2 dus ke distributor
F6AE0F81-29D,WRG-003,2026-02-03,HPP,1489147.0,949373.4285714285,1.5685576983556373,0.040018475095371264,0,Restok telur 1 peti
921B5CDC-71F,WRG-003,2026-03-01,HPP,973222.0,1028793.8571428572,0.9459834866265725,0.07180790457941677,0,Belanja ke pasar induk
F75A0993-F5F,WRG-003,2026-03-02,HPP,972395.0,968372.4285714285,1.0041539508043467,0.03356968633920021,0,Restok snack & biskuit 1 dus
7F67BE12-9F7,WRG-003,2026-03-02,HPP,708825.0,1003282.4285714285,0.7065059447012286,0.09079593663762975,0,Beli gas LPG 3kg isi 10
F8060D24-ECF,WRG-003,2026-03-02,HPP,854577.0,919778.4285714285,0.9291118093814209,0.11513547587885992,0,Restok gula & tepung
CB8FF7AF-90B,WRG-003,2026-03-03,HPP,936244.0,961917.7142857143,0.9733098643424207,0.12301187250478302,0,Restok minuman botol
0CB7198E-D7D,WRG-003,2026-04-01,HPP,837416.0,967403.7142857143,0.8656324010687811,0.12408165220592898,0,Belanja ke pasar induk
B7923E60-994,WRG-003,2026-04-01,HPP,1293442.0,939445.8571428572,1.3768137782136307,0.1102728834436143,0,Belanja ke pasar induk
BD0CACCD-D54,WRG-003,2026-04-01,HPP,551642.0,879220.1428571428,0.627421931221191,0.13045948426176124,0,Restok beras ke agen
633636F3-AB8,WRG-003,2026-04-02,HPP,848981.0,861589.5714285715,0.9853659191723205,0.09011102080778,0,Beli gas LPG 3kg isi 10
A2A8A742-E07,WRG-003,2026-04-02,HPP,1388613.0,958702.1428571428,1.4484300576001932,0.08076885573890946,0,Belanja ke pasar induk
45A5EEAA-4B0,WRG-003,2026-05-01,HPP,1315372.0,1024530.0,1.2838784613432501,0.11865832161793954,0,Restok minuman botol
72C250A9-96F,WRG-003,2026-05-01,HPP,970634.0,1029442.8571428572,0.9428731213832725,0.13407552149389584,0,Belanja ke pasar induk
6E25620C-A38,WRG-003,2026-05-01,HPP,754632.0,1017616.5714285715,0.7415681123791222,0.06431134359099888,0,Restok telur 1 peti
E82CEDBE-467,WRG-003,2026-05-03,HPP,1180753.0,1001518.1428571428,1.1789631654914745,0.07044839845670947,0,Beli detergen & sabun
1F503A63-DD1,WRG-003,2026-05-03,HPP,1395457.0,1122063.142857143,1.243652827279137,0.049669448487937196,0,Belanja ke pasar induk
F002F174-67C,WRG-003,2026-05-04,HPP,1300641.0,1186586.0,1.0961202980652056,0.06123537382875477,0,Restok rokok ke agen
D52EE991-157,WRG-003,2026-05-04,HPP,498040.0,1059361.2857142857,0.4701323398506027,0.06035807279967931,0,Restok rokok ke agen
58ECFC34-79D,WRG-003,2026-06-02,HPP,654238.0,964913.5714285715,0.6780275657553341,0.12890297346865526,0,Ambil indomie 2 dus ke distributor
0D5F7F0B-387,WRG-003,2026-06-03,HPP,625371.0,915590.2857142857,0.6830249400386823,0.07377109889676892,0,Beli aqua 1 karton
50419A16-7F7,WRG-003,2026-06-04,HPP,725157.0,911379.5714285715,0.7956695791011962,0.1335707232447398,0,
C9E3AC9D-AAE,WRG-003,2026-06-04,HPP,703596.0,843214.2857142857,0.8344213468869124,0.14974994599753771,0,Restok beras ke agen
B068E595-7A5,WRG-003,2026-07-02,HPP,312958.0,688571.5714285715,0.4545032252067997,0.1423146522837691,0,Restok minuman botol
756F1E69-165,WRG-003,2026-07-02,HPP,407154.0,560930.5714285715,0.7258545366195052,0.12714997942288703,0,Belanja ke pasar induk
BC6528FF-193,WRG-003,2026-07-02,HPP,466761.0,556462.1428571428,0.8388009966022589,0.1338776421679836,0,Belanja ke pasar induk
1A772EC3-0A2,WRG-003,2026-07-04,HPP,1302812.0,649115.5714285715,2.0070570748022196,0.06102433992467804,0,Beli detergen & sabun
7A2668ED-802,WRG-003,2026-07-04,HPP,1033676.0,707444.8571428572,1.4611400302981716,0.1328909411814489,0,Beli aqua 1 karton
57B22657-E64,WRG-003,2026-08-01,HPP,1204446.0,775914.7142857143,1.5522917375123886,0.10073840849979032,0,Belanja ke pasar induk
EC107A49-2BD,WRG-003,2026-08-01,HPP,739106.0,780987.5714285715,0.9463735749956145,0.14434710944335988,0,Beli aqua 1 karton
27E01D3F-654,WRG-003,2026-08-01,HPP,515580.0,809933.5714285715,0.6365707240540891,0.13025879431238457,0,Restok beras ke agen
C1F86B11-ACD,WRG-003,2026-08-03,HPP,318744.0,797303.5714285715,0.3997774642209232,0.10489649629303549,0,Restok rokok ke agen
2B9ED0BD-8B5,WRG-003,2026-08-03,HPP,938125.0,864641.2857142857,1.0849875150537243,0.12709894219617246,0,Belanja ke pasar induk
589275D0-004,WRG-003,2026-08-03,HPP,304124.0,721971.5714285715,0.4212409629900346,0.0890632971269778,0,Restok rokok ke agen
F3F878C4-3A4,WRG-003,2026-08-04,HPP,1166300.0,740917.8571428572,1.5741286146044722,0.11737357642107421,0,Restok minuman botol
F5BE3EF0-C52,WRG-003,2026-08-04,HPP,1314311.0,756612.8571428572,1.7370984217253964,0.07458058383191535,0,Beli minyak goreng 1 karton
42EEFC3B-952,WRG-003,2026-09-02,HPP,460521.0,716815.0,0.6424544687262403,0.13871602788737064,0,Ambil indomie 2 dus ke distributor
B69328FA-EC2,WRG-003,2026-09-03,HPP,95676.0,656828.7142857143,0.14566354655192776,0.06783718191373778,0,Beli minyak goreng 1 karton
4849766F-B22,WRG-003,2026-10-02,HPP,1138229.0,773898.0,1.4707739262796906,0.12350781877196032,0,Beli aqua 1 karton
F71D3752-32F,WRG-003,2026-10-02,HPP,636815.0,730853.7142857143,0.8713303189850773,0.16831679195159172,0,Ambil indomie 2 dus ke distributor
B75AC815-B80,WRG-003,2026-10-03,HPP,381711.0,741937.5714285715,0.51447859590805,0.11128348568848362,0,Beli aqua 1 karton
92714187-4B6,WRG-003,2026-10-03,HPP,1013961.0,720174.8571428572,1.4079372390514684,0.13554175551705605,0,Ambil indomie 2 dus ke distributor
07942F80-415,WRG-003,2026-11-01,HPP,517586.0,606357.0,0.8535994471903515,0.08917329956595188,0,Restok beras ke agen
3282D8A7-D28,WRG-003,2026-11-02,HPP,1194838.0,711259.4285714285,1.6798905603259893,0.08868873719626136,0,Belanja ke pasar induk
43FE0100-316,WRG-003,2026-11-02,HPP,1348665.0,890257.8571428572,1.514915020607994,0.06902741734612816,0,Restok telur 1 peti
2271B296-C07,WRG-003,2026-11-03,HPP,1197266.0,898691.7142857143,1.3322321558862866,0.12393430927319538,0,Restok snack & biskuit 1 dus
8A056CE8-672,WRG-003,2026-12-01,HPP,997080.0,950158.1428571428,1.0493832079381673,0.1426148636578976,0,Beli gas LPG 3kg isi 10
D1381273-CB5,WRG-003,2026-12-04,HPP,990218.0,1037087.7142857143,0.9548064125723489,0.1307650996390115,0,Ambil indomie 2 dus ke distributor
DFC5D33E-0BA,WRG-003,2026-12-04,HPP,821460.0,1009587.5714285715,0.8136589863498715,0.13639973202242245,0,Belanja ke pasar induk
0E71E199-FD2,WRG-003,2025-01-12,Operasional,36601.0,36601.0,1.0,0.0617164356442379,0,Beli selotip & alat tulis
D7EFF8CD-162,WRG-003,2025-03-10,Operasional,102515.0,69558.0,1.473806032375859,0.07725561584945773,0,Beli kantong kresek
3CD6E147-627,WRG-003,2025-03-12,Operasional,24371.0,54495.666666666664,0.4472098698979124,0.1218870963108783,0,Bayar listrik warung
BCBF0EAF-C8B,WRG-003,2025-04-11,Operasional,75313.0,59700.0,1.2615242881072026,0.13454819205471358,0,Beli struk kasir
0DD7E3E3-849,WRG-003,2025-05-11,Operasional,98381.0,67436.2,1.4588752035257029,0.11167358255643955,0,
7491E905-B82,WRG-003,2025-06-11,Operasional,8577.0,57626.333333333336,0.14883820475592754,0.03351040385493209,0,Ongkos kirim barang dari distributor
BCF15B5A-711,WRG-003,2025-07-11,Operasional,61445.0,58171.857142857145,1.0562667760306284,0.11682957858343457,0,Bensin motor untuk belanja
CEFA4F44-37D,WRG-003,2025-09-10,Operasional,33872.0,57782.0,0.5862033159115295,0.13603788593302546,0,Beli struk kasir
3C639554-B11,WRG-003,2025-09-12,Operasional,25346.0,46757.857142857145,0.5420693237194665,0.10157034056769487,0,
1F374A4B-464,WRG-003,2025-10-11,Operasional,72377.0,53615.857142857145,1.3499178015032867,0.11711460122472411,0,Beli struk kasir
9DAD1024-86D,WRG-003,2025-12-10,Operasional,63314.0,51901.71428571428,1.2198826353106973,0.11641887582073274,0,Beli kantong kresek
9AE12894-C76,WRG-003,2026-01-01,Operasional,48132.0,44723.28571428572,1.0762178858568403,0.08605757279955678,0,Beli label harga
2BE6B15C-C26,WRG-003,2026-01-03,Operasional,101469.0,57993.57142857143,1.7496594450123784,0.09717538248046964,0,Beli selotip & alat tulis
82C75B49-188,WRG-003,2026-02-02,Operasional,119402.0,66273.14285714286,1.801664970942765,0.032649592482484446,0,Beli baterai timbangan
73110835-9BA,WRG-003,2026-03-01,Operasional,86226.0,73752.28571428571,1.169129867161502,0.08124458643572119,0,Bensin motor untuk belanja
97569FE2-47B,WRG-003,2026-04-01,Operasional,33096.0,74859.42857142857,0.44210863790418614,0.10040060110251114,0,Bensin motor untuk belanja
0FF5546D-244,WRG-003,2026-04-03,Operasional,40604.0,70320.42857142857,0.5774140008085438,0.10129866905709894,0,Beli baterai timbangan
7DFD7EA6-F4C,WRG-003,2026-08-03,Operasional,63388.0,70331.0,0.9012810851544838,0.0516211218867505,0,Beli struk kasir
3842A766-120,WRG-003,2026-08-04,Operasional,34002.0,68312.42857142857,0.4977425149575376,0.11010382182332024,0,Beli label harga
636F2BBA-EA5,WRG-003,2026-09-03,Operasional,54410.0,61589.71428571428,0.8834267317362825,0.13765033800702753,0,Beli baterai timbangan
C637E37B-D00,WRG-003,2026-11-03,Operasional,20295.0,47431.57142857143,0.4278795618349442,0.07947949989726699,0,Beli baterai timbangan
A01A364B-CD6,WRG-003,2026-11-04,Operasional,32857.0,39807.42857142857,0.8253987051950102,0.10077497407833846,0,Beli label harga
DAA00E25-99B,WRG-003,2026-12-02,Operasional,92432.0,48284.0,1.914340154088311,0.023719240136987674,0,Beli selotip & alat tulis
8A9AFB09-443,WRG-003,2025-01-11,Overhead,839385.0,839385.0,1.0,0.008806023504573934,0,Bayar cicilan etalase
591FB74C-311,WRG-003,2025-02-11,Overhead,967333.0,903359.0,1.070817914029749,0.006782823222376333,0,Gaji karyawan
D772FE38-861,WRG-003,2025-02-12,Overhead,339481.0,715399.6666666666,0.4745333494237953,0.09704670009369548,0,Bayar iuran keamanan RT
C00C2A08-730,WRG-003,2025-03-10,Overhead,602913.0,687278.0,0.8772476348726425,0.13133395658330066,0,
92E3CDE7-2FD,WRG-003,2025-03-12,Overhead,301047.0,610031.8,0.4934939457254523,0.12638696378658582,0,Gaji karyawan
7591C021-7AC,WRG-003,2026-01-02,Overhead,300552.0,558451.8333333334,0.5381878652023406,0.055731010911025725,0,Gaji karyawan
96B0D33E-906,WRG-003,2026-01-03,Overhead,233273.0,511997.71428571426,0.45561336211322373,0.044110449399781926,0,Gaji karyawan
90D2811B-183,WRG-003,2026-01-04,Overhead,868614.0,516173.28571428574,1.6827953403245255,0.05043082395922338,0,Biaya promosi (cetak brosur)
611B4B63-7BB,WRG-003,2026-02-01,Overhead,860772.0,500950.28571428574,1.7182782893768755,0.014857931804520774,0,Biaya tak terduga
258BCED5-599,WRG-003,2026-02-02,Overhead,527404.0,527796.4285714285,0.9992564774026783,0.12864440043717018,0,Biaya tak terduga
C9521E46-720,WRG-003,2026-03-01,Overhead,721926.0,544798.2857142857,1.3251253150576308,0.054168372608418,0,Bayar sewa toko bulan ini
725B2DCB-CF5,WRG-003,2026-03-02,Overhead,408455.0,560142.2857142857,0.7291986525872508,0.11376281280272676,0,Biaya perbaikan rak toko
C748738C-F07,WRG-003,2026-03-03,Overhead,815694.0,633734.0,1.287123619689018,0.14137384497381894,0,Biaya promosi (cetak brosur)
3C34F104-72D,WRG-003,2026-03-04,Overhead,456740.0,665657.8571428572,0.6861482893936288,0.11593435080408365,0,Gaji karyawan
9AF3069A-1A9,WRG-004,2025-01-12,HPP,624112.0,624112.0,1.0,0.10217983792599566,0,Restok rokok ke agen
38246DFB-AC3,WRG-004,2025-01-12,HPP,1376511.0,1000311.5,1.3760823503478667,0.04992193485779606,0,Beli gas LPG 3kg isi 10
A29A1794-857,WRG-004,2025-01-12,HPP,904255.0,968292.6666666666,0.9338653809213331,0.10243523648318137,0,Restok telur 1 peti
02909BE5-BA4,WRG-004,2025-02-11,HPP,269895.0,793693.25,0.34004950905151327,0.12687488591636892,0,Restok telur 1 peti
1C295E6B-81A,WRG-004,2025-03-11,HPP,701507.0,775256.0,0.9048714231170091,0.15750628608669387,0,Beli gas LPG 3kg isi 10
E2FCB716-D65,WRG-004,2025-04-10,HPP,530006.0,734381.0,0.7217044013938269,0.16653634333846434,0,Ambil indomie 2 dus ke distributor
040074D5-797,WRG-004,2025-04-10,HPP,1188134.0,799202.8571428572,1.4866488393792385,0.14701665489380555,0,Restok telur 1 peti
2D3FFE81-DEB,WRG-004,2025-04-11,HPP,340123.0,758633.0,0.4483366792638865,0.1130266770718189,0,Restok rokok ke agen
F9A1CA20-4F3,WRG-004,2025-04-11,HPP,704605.0,662646.4285714285,1.0633196975331598,0.1540006936123136,0,Beli detergen & sabun
06C7CB33-D82,WRG-004,2025-05-10,HPP,636447.0,624388.1428571428,1.0193130783805038,0.06446999445531576,0,Restok gula & tepung
0038420F-13E,WRG-004,2025-05-12,HPP,920587.0,717344.1428571428,1.283326851089007,0.10120642140134961,0,Beli detergen & sabun
353717A6-CCE,WRG-004,2025-06-10,HPP,512539.0,690348.7142857143,0.7424349309179357,0.12820063170738477,0,Restok gula & tepung
AA4A0E13-971,WRG-004,2025-06-10,HPP,1236888.0,791331.8571428572,1.5630458812385557,0.12712373650771053,0,Belanja ke pasar induk
7B12E222-88A,WRG-004,2025-06-10,HPP,788471.0,734237.1428571428,1.073864224481775,0.16247933907049833,0,Restok gula & tepung
8F8EA595-15E,WRG-004,2025-06-11,HPP,643852.0,777627.0,0.827970222227366,0.16496350380446057,0,Restok minuman botol
488525C5-D5F,WRG-004,2025-06-11,HPP,1355551.0,870619.2857142857,1.5569962924584881,0.10640905162020042,0,Beli detergen & sabun
8F04D9E6-EDB,WRG-004,2025-07-12,HPP,1072751.0,932948.4285714285,1.149850267332186,0.1277464975616004,0,Restok snack & biskuit 1 dus
3DFA370F-E1D,WRG-004,2025-07-12,HPP,508818.0,874124.2857142857,0.5820888497385955,0.11658922254270465,0,Restok minuman botol
F913FDD4-822,WRG-004,2025-08-10,HPP,1176955.0,969040.8571428572,1.2145566322870656,0.107786893461075,0,
7BC4D22D-F23,WRG-004,2025-08-10,HPP,621375.0,881110.4285714285,0.7052180746600111,0.07841871351032814,0,Restok minuman botol
CF2E4516-33D,WRG-004,2025-08-10,HPP,175579.0,793554.4285714285,0.22125640495268936,0.05438380123706299,0,
DAB8B780-C14,WRG-004,2025-08-12,HPP,1179217.0,870035.1428571428,1.3553670902620354,0.12663654822916903,0,Beli minyak goreng 1 karton
E67F102D-6D5,WRG-004,2025-08-12,HPP,718381.0,779010.8571428572,0.9221707161242572,0.16582774838342995,0,Beli minyak goreng 1 karton
EC687895-120,WRG-004,2025-08-12,HPP,815184.0,742215.5714285715,1.0983116379935054,0.16379901937805896,0,Ambil indomie 2 dus ke distributor
B325BFE7-7E6,WRG-004,2025-09-12,HPP,495120.0,740258.7142857143,0.6688472427882838,0.16277256888493635,0,Beli gas LPG 3kg isi 10
7780D42A-964,WRG-004,2025-09-12,HPP,153233.0,594012.7142857143,0.2579624919043339,0.017321057126236883,0,Ambil indomie 2 dus ke distributor
32A4C6FC-802,WRG-004,2025-10-10,HPP,565007.0,585960.1428571428,0.9642413513742158,0.08769824257120018,0,Belanja ke pasar induk
A2483ECE-31E,WRG-004,2025-10-11,HPP,1012619.0,705537.2857142857,1.4352451961129522,0.08198094436740244,0,Belanja ke pasar induk
A9D7A491-C38,WRG-004,2025-10-11,HPP,463144.0,603241.1428571428,0.7677593040262506,0.10278041287580136,0,Restok rokok ke agen
C31DE6E0-C51,WRG-004,2025-10-11,HPP,132316.0,519517.5714285714,0.2546901342261763,0.044094814970998764,0,Restok beras ke agen
FD3021B0-426,WRG-004,2025-10-12,HPP,1447249.0,609812.5714285715,2.3732685546472356,-0.026664711904659133,1,Beli minyak goreng 1 karton
BFEBF48A-BC2,WRG-004,2025-10-12,HPP,288328.0,580270.8571428572,0.4968851984393495,0.06912716025535615,0,Restok gula & tepung
DC7B62CA-795,WRG-004,2025-10-12,HPP,842312.0,678710.7142857143,1.2410471534790226,0.0470344737873607,0,Beli detergen & sabun
8ADBB16E-D1A,WRG-004,2025-11-10,HPP,211054.0,628146.0,0.3359951348890226,0.08987206877295861,0,Belanja ke pasar induk
9CB70DD6-607,WRG-004,2025-11-10,HPP,299160.0,526223.2857142857,0.5685039186244406,0.06359187033411229,0,Restok telur 1 peti
B97C5723-7DD,WRG-004,2025-11-11,HPP,1395860.0,659468.4285714285,2.1166441629719523,0.040914929618569684,0,Restok rokok ke agen
5947D269-E0C,WRG-004,2025-11-11,HPP,1436587.0,845792.8571428572,1.6985092601194145,0.09548783445143022,0,Ambil indomie 2 dus ke distributor
31ED5B27-72B,WRG-004,2025-11-12,HPP,331149.0,686350.0,0.48247832738398777,0.14095479972207609,0,Restok telur 1 peti
EE49E8FC-0F9,WRG-004,2025-11-12,HPP,1085695.0,800259.5714285715,1.3566785562612986,0.1362362109501744,0,Belanja ke pasar induk
B3ADA23B-3BA,WRG-004,2025-11-12,HPP,80741.0,691463.7142857143,0.11676823863911048,0.0413433890370718,0,Beli aqua 1 karton
DD0CEFBA-C36,WRG-004,2025-12-12,HPP,218319.0,692501.5714285715,0.3152613784682489,0.11449571875175707,0,Beli aqua 1 karton
CFA7A4FD-942,WRG-004,2026-01-04,HPP,1329563.0,839702.0,1.5833748163038792,0.08962177432252377,0,Restok beras ke agen
0664C180-E0F,WRG-004,2026-02-02,HPP,870729.0,764683.2857142857,1.1386792627311813,0.13358374610047058,0,Restok snack & biskuit 1 dus
9730B1C1-040,WRG-004,2026-02-02,HPP,793875.0,672867.2857142857,1.1798389026407459,0.11477696680616811,0,Beli minyak goreng 1 karton
663E4F63-996,WRG-004,2026-02-02,HPP,165199.0,649160.1428571428,0.25448111967088904,0.047695691603985235,0,Ambil indomie 2 dus ke distributor
1FD7CE13-3B5,WRG-004,2026-02-03,HPP,787585.0,606573.0,1.2984175029221545,0.10813018492325766,0,Restok minuman botol
E84A8B9E-AAC,WRG-004,2026-03-01,HPP,1090831.0,750871.5714285715,1.4527530958784847,0.12030466401704204,0,
81E3D029-E73,WRG-004,2026-03-01,HPP,1109258.0,878148.5714285715,1.263178049923215,0.06373297700045533,0,
44784EFF-187,WRG-004,2026-03-04,HPP,239810.0,722469.5714285715,0.3319309345109344,0.13079372142801188,0,Beli gas LPG 3kg isi 10
83A26120-51C,WRG-004,2026-03-04,HPP,1153543.0,762871.5714285715,1.5121064189609896,0.1339452602840418,0,Restok gula & tepung
EB40959F-576,WRG-004,2026-03-04,HPP,646047.0,741753.2857142857,0.8709728860558758,0.14815373448257269,0,Restok minuman botol
24A0D3C8-EC9,WRG-004,2026-05-01,HPP,648092.0,810738.0,0.7993852514622479,0.16028033943746856,0,
699C26A2-E62,WRG-004,2026-06-01,HPP,645586.0,790452.4285714285,0.8167297318154323,0.1286974964154231,0,Restok rokok ke agen
5E01CA82-CFE,WRG-004,2026-06-01,HPP,972672.0,773572.5714285715,1.2573765357318032,0.13230413827955195,0,Beli minyak goreng 1 karton
DA87D1EB-2D4,WRG-004,2026-06-01,HPP,1027107.0,761836.7142857143,1.3481983484649973,0.10498222722309197,0,Ambil indomie 2 dus ke distributor
798403CC-6FC,WRG-004,2026-06-03,HPP,932829.0,860839.4285714285,1.0836271771938222,0.15746614166248912,0,Beli detergen & sabun
6F2CCF72-D89,WRG-004,2026-06-04,HPP,1128594.0,857275.2857142857,1.316489602356436,0.15389501367419128,0,Restok rokok ke agen
1C3234F2-B4B,WRG-004,2026-06-04,HPP,581844.0,848103.4285714285,0.6860531161630556,0.15899849847579106,0,Beli gas LPG 3kg isi 10
A3ABF628-434,WRG-004,2026-06-04,HPP,1068681.0,908187.5714285715,1.1767183714251601,0.13396848296950764,0,Belanja ke pasar induk
1B41FCB9-E1B,WRG-004,2026-07-01,HPP,766011.0,925391.1428571428,0.8277699715548854,0.14722817203627203,0,Belanja ke pasar induk
4C2BA65E-6D4,WRG-004,2026-07-04,HPP,1431757.0,990974.7142857143,1.4447967030440303,0.09466627575936126,0,Restok gula & tepung
9C70717F-EE6,WRG-004,2026-08-01,HPP,642271.0,935998.1428571428,0.6861883272967422,0.055852505957775356,0,
2EF045B0-30A,WRG-004,2026-08-03,HPP,1380917.0,1000010.7142857143,1.380902204619236,0.08932513652021157,0,Restok gula & tepung
B1C2F87F-CFE,WRG-004,2026-09-01,HPP,404075.0,896508.0,0.4507210197789646,0.03453833686199992,0,Restok gula & tepung
68F04236-163,WRG-004,2026-09-01,HPP,1131803.0,975073.5714285715,1.1607360030708305,0.08406245996949613,0,Beli detergen & sabun
4914D60F-981,WRG-004,2026-09-01,HPP,1271600.0,1004062.0,1.2664556571207755,0.03783233723357504,0,Ambil indomie 2 dus ke distributor
67BF32FE-C7A,WRG-004,2026-09-02,HPP,1460607.0,1103290.0,1.323864985633877,0.0767191141628808,0,Restok gula & tepung
334CD082-B60,WRG-004,2026-09-02,HPP,1086762.0,1054005.0,1.0310786001963939,0.11473945622327769,0,Restok gula & tepung
574115E8-3C8,WRG-004,2026-09-02,HPP,1313186.0,1149850.0,1.142049832586859,0.05659163025568148,0,Beli minyak goreng 1 karton
80B98694-A2C,WRG-004,2026-09-03,HPP,1481213.0,1164178.0,1.2723251942572356,0.07266461427589899,0,Ambil indomie 2 dus ke distributor
8FDEE0D0-F41,WRG-004,2026-09-03,HPP,211748.0,1136702.7142857143,0.18628265538457786,0.022531276129117206,0,Beli gas LPG 3kg isi 10
FAD709A7-CA7,WRG-004,2026-09-04,HPP,1433520.0,1179805.142857143,1.2150481023742903,0.035817575290804426,0,Restok gula & tepung
F44490CB-54F,WRG-004,2026-09-04,HPP,892662.0,1125671.142857143,0.7930042496552532,0.07537793043893048,0,Restok telur 1 peti
0EFA3480-F17,WRG-004,2026-09-04,HPP,1228849.0,1092562.857142857,1.124739864590988,0.031632048800246615,0,Restok snack & biskuit 1 dus
C3CEEE9F-11F,WRG-004,2026-10-01,HPP,256629.0,973972.4285714285,0.2634869247545435,0.08430817631570464,0,Restok beras ke agen
3ED90300-9C5,WRG-004,2026-12-01,HPP,412075.0,845242.2857142857,0.4875229350975612,0.1118566201394744,0,Restok telur 1 peti
B901B672-42E,WRG-004,2026-12-01,HPP,179710.0,659313.2857142857,0.27257148292606614,0.10981073412627307,0,Restok snack & biskuit 1 dus
7B4C42D2-D05,WRG-004,2026-12-01,HPP,1223113.0,803794.0,1.5216747076987387,0.11917661048155659,0,Restok gula & tepung
37255556-307,WRG-004,2026-12-02,HPP,120185.0,616174.7142857143,0.1950501979610143,0.07154937083347124,0,Belanja ke pasar induk
B59B3A85-D3C,WRG-004,2026-12-02,HPP,1085830.0,643770.1428571428,1.6866734377909063,0.06166890791208135,0,Belanja ke pasar induk
D20ADADF-06C,WRG-004,2026-12-04,HPP,185579.0,494731.5714285714,0.37511048559955024,0.060507673473851,0,Beli aqua 1 karton
ABDAE6A4-8FF,WRG-004,2026-12-04,HPP,1048884.0,607910.8571428572,1.7253911287745196,0.08003305336450328,0,Restok snack & biskuit 1 dus
78F329D6-E86,WRG-004,2026-12-04,HPP,828665.0,667423.7142857143,1.2415875886083074,0.07892054621406785,0,
E6658317-0D2,WRG-004,2025-04-12,Operasional,38862.0,38862.0,1.0,0.11301622149119517,0,Bayar parkir pasar
DD578154-090,WRG-004,2025-05-11,Operasional,99743.0,69302.5,1.4392410086216225,0.09198718978056752,0,Ongkos kirim barang dari distributor
947369C6-752,WRG-004,2025-06-10,Operasional,9025.0,49210.0,0.1833976833976834,0.03050998135816796,0,Bayar air PDAM
379DB14B-B20,WRG-004,2025-06-12,Operasional,62967.0,52649.25,1.1959714525847946,0.13920579967367774,0,Bayar listrik warung
B60E308B-B7D,WRG-004,2025-07-11,Operasional,40348.0,50189.0,0.803921177947359,0.1356719550105006,0,Beli baterai timbangan
8E6C0348-1F0,WRG-004,2025-08-10,Operasional,89541.0,56747.666666666664,1.5778798540909171,0.09340704397825145,0,Beli kantong kresek
90CE2F72-17E,WRG-004,2025-08-12,Operasional,42022.0,54644.0,0.7690139814069248,0.06150057877068815,0,Beli baterai timbangan
AD1BE958-C46,WRG-004,2025-09-11,Operasional,88032.0,61668.28571428572,1.4275084669591687,0.131723986223596,0,Bayar air PDAM
FDC7092B-B3C,WRG-004,2025-11-11,Operasional,63702.0,56519.57142857143,1.1270786099378975,0.13143827264233054,0,Bensin motor untuk belanja
EB5F0355-76A,WRG-004,2025-12-10,Operasional,91018.0,68232.85714285714,1.3339321231915917,0.12105135627056962,0,Bayar parkir pasar
2FFAF355-BB9,WRG-004,2025-12-11,Operasional,18200.0,61837.57142857143,0.29431944980282443,0.08701210307897495,0,Bensin motor untuk belanja
22765ACE-460,WRG-004,2026-01-01,Operasional,103122.0,70805.28571428571,1.456416692054871,0.11665538509447548,0,Bayar air PDAM
1E728A24-EFF,WRG-004,2026-03-03,Operasional,37962.0,63436.857142857145,0.598421827779254,0.1239385303695828,0,Bensin motor untuk belanja
70C9DA4F-F99,WRG-004,2026-04-03,Operasional,10143.0,58882.71428571428,0.17225768416149295,0.05169721740325661,0,Ongkos kirim barang dari distributor
4D3E193E-68E,WRG-004,2026-05-02,Operasional,32503.0,50950.0,0.6379391560353288,0.12324289833618768,0,Beli baterai timbangan
E3EAA10A-D27,WRG-004,2026-07-02,Operasional,45919.0,48409.57142857143,0.9485520868069184,0.131589012364424,0,Bayar parkir pasar
1940498C-3E6,WRG-004,2026-08-01,Operasional,15976.0,37689.28571428572,0.4238870463375343,0.08750104490576699,0,Bensin motor untuk belanja
5B922205-592,WRG-004,2026-08-02,Operasional,23057.0,38383.142857142855,0.6007064112966258,0.06581859015586311,0,Bayar air PDAM
7034D7E5-5EE,WRG-004,2026-08-03,Operasional,77849.0,34772.71428571428,2.2387956073933175,-0.04634288079510851,1,Beli baterai timbangan
D50BC220-6B1,WRG-004,2026-09-04,Operasional,40278.0,35103.57142857143,1.1474046189846374,0.10039673400798105,0,Bensin motor untuk belanja
69C7B0B2-21D,WRG-004,2026-10-02,Operasional,21194.0,36682.28571428572,0.5777720659251643,0.08531831805361523,0,
587BCD14-E3C,WRG-004,2026-11-03,Operasional,14307.0,34082.857142857145,0.41977114594685216,0.022653098062521693,0,
9BE1EB0D-749,WRG-004,2026-12-02,Operasional,87457.0,40016.857142857145,2.1855039661856788,0.012948593875866332,0,Beli selotip & alat tulis
FDA1B1CD-FBA,WRG-004,2025-01-10,Overhead,581436.0,581436.0,1.0,0.16020996342731403,0,Bayar wifi bulanan
EA48FF31-10E,WRG-004,2025-01-11,Overhead,437123.0,509279.5,0.8583165040022227,0.10130751551761441,0,Bayar sewa toko bulan ini
75EDDD8B-C70,WRG-004,2025-02-12,Overhead,281488.0,433349.0,0.649564208063247,-0.0024504767217192747,1,Gaji karyawan
8F814AB1-A32,WRG-004,2025-03-10,Overhead,687234.0,496820.25,1.3832648729595864,0.058577456243740444,0,Bayar sewa toko bulan ini
F4BFFA22-BA3,WRG-004,2025-03-11,Overhead,326295.0,462715.2,0.7051745868733078,0.07712284202631503,0,Bayar iuran keamanan RT
DAAF7C84-E02,WRG-004,2025-03-12,Overhead,882425.0,532666.8333333334,1.6566171287180447,0.060061175875442796,0,Bayar iuran keamanan RT
CBE770C1-07C,WRG-004,2026-01-01,Overhead,991476.0,598211.0,1.6574018197592488,0.01978954286503376,0,Bayar sewa toko bulan ini
B8B303CB-6D7,WRG-004,2026-01-02,Overhead,446876.0,578988.1428571428,0.7718223689258872,0.09673595828122794,0,Biaya promosi (cetak brosur)
198ABACD-F3E,WRG-004,2026-01-04,Overhead,616732.0,604646.5714285715,1.0199875913343472,0.1242461595203952,0,Bayar iuran keamanan RT
DB23723B-463,WRG-004,2026-02-01,Overhead,534731.0,640824.1428571428,0.8344426563204659,0.106459651300717,0,Bayar cicilan etalase
BAEFD52E-D16,WRG-004,2026-02-02,Overhead,298623.0,585308.2857142857,0.5101978005241683,0.10562767771330567,0,Biaya perbaikan rak toko
D6DC055A-64F,WRG-004,2026-02-03,Overhead,743690.0,644936.1428571428,1.1531219148385234,0.1376186141658724,0,Bayar iuran keamanan RT
838CC2FC-E62,WRG-004,2026-03-01,Overhead,577428.0,601365.1428571428,0.9601953270131102,0.11859662488949291,0,Bayar cicilan etalase
CF4B24C9-EE8,WRG-004,2026-03-02,Overhead,498559.0,530948.4285714285,0.9389970346864467,0.07515248999863755,0,Bayar sewa toko bulan ini
3FD2BE74-832,WRG-004,2026-03-03,Overhead,751823.0,574512.2857142857,1.3086282377151701,0.11770863483581223,0,Bayar cicilan etalase
6F3F5BE7-29B,WRG-004,2026-03-04,Overhead,633290.0,576877.7142857143,1.0977889842462278,0.15091328885430333,0,Gaji karyawan
4334C3ED-11D,WRG-005,2025-01-12,HPP,1452340.0,1452340.0,1.0,-0.02288163868063664,1,Restok gula & tepung
46EC7C8F-4AA,WRG-005,2025-01-12,HPP,1433329.0,1442834.5,0.9934119263158734,-0.035718356561627584,1,Beli detergen & sabun
6C7F11B4-597,WRG-005,2025-02-11,HPP,1213890.0,1366519.6666666667,0.8883077423693622,0.0030407932762795964,0,Beli minyak goreng 1 karton
0237274C-FC9,WRG-005,2025-02-12,HPP,1374382.0,1368485.25,1.0043089613132477,0.0331529400386954,0,Restok minuman botol
B6927F04-925,WRG-005,2025-03-10,HPP,755407.0,1245869.6,0.6063291053895207,0.018173337422050073,0,Beli detergen & sabun
397AEF59-523,WRG-005,2025-03-11,HPP,1370399.0,1266624.5,1.081929964247494,0.03544376431093532,0,Beli gas LPG 3kg isi 10
5936CC20-4C3,WRG-005,2025-03-11,HPP,772092.0,1195977.0,0.645574287799849,0.01564611608434674,0,Beli minyak goreng 1 karton
B803E061-2C8,WRG-005,2025-03-12,HPP,1435392.0,1193555.857142857,1.2026182029185062,0.062221769395093274,0,Beli aqua 1 karton
B5575734-A66,WRG-005,2025-04-11,HPP,705032.0,1089513.4285714286,0.6471072145704885,0.09043976526505887,0,Beli gas LPG 3kg isi 10
BF49848B-BE7,WRG-005,2025-04-11,HPP,154807.0,938215.8571428572,0.16500147468348358,0.05678201071074784,0,
B5DD61CD-883,WRG-005,2025-04-11,HPP,429257.0,803198.0,0.5344348467003155,0.14613523556666558,0,Ambil indomie 2 dus ke distributor
A81072BC-812,WRG-005,2025-05-11,HPP,1210011.0,868141.4285714285,1.393794789854846,0.08337251322844663,0,Restok snack & biskuit 1 dus
1AB977CD-E6D,WRG-005,2025-05-11,HPP,132047.0,691234.0,0.1910308231365934,0.051295273876955094,0,Restok gula & tepung
451533F9-332,WRG-005,2025-05-12,HPP,177473.0,606288.4285714285,0.2927204143054025,-0.013130895923475938,1,Beli aqua 1 karton
75EAE35E-4CE,WRG-005,2025-05-12,HPP,1287183.0,585115.7142857143,2.1998776798728454,-0.02058974803985303,1,Beli aqua 1 karton
9CDF5FB7-3E0,WRG-005,2025-06-10,HPP,1480748.0,695932.2857142857,2.1277185013484483,0.008245120791323002,0,Restok gula & tepung
7197E323-985,WRG-005,2025-06-10,HPP,580092.0,756687.2857142857,0.76662051940309,0.13416113362674564,0,Belanja ke pasar induk
06DC51A3-3DD,WRG-005,2025-08-12,HPP,1478200.0,906536.2857142857,1.630602131756132,0.08184939905223576,0,Restok snack & biskuit 1 dus
BA808C8E-979,WRG-005,2025-08-12,HPP,426130.0,794553.2857142857,0.5363139359708501,0.12502248450835296,0,Restok beras ke agen
F55A2A97-77C,WRG-005,2025-08-12,HPP,306265.0,819441.5714285715,0.37374842902596905,0.10795963364027522,0,Beli aqua 1 karton
8082FB2B-002,WRG-005,2025-09-11,HPP,633832.0,884635.7142857143,0.7164892732278824,0.15990710203203434,0,Belanja ke pasar induk
57E4179F-4B2,WRG-005,2025-09-11,HPP,195972.0,728748.4285714285,0.2689158457386529,0.09254476963454844,0,Restok snack & biskuit 1 dus
5DD74A16-BCA,WRG-005,2025-09-11,HPP,446673.0,581023.4285714285,0.768769343945806,0.08969008362761643,0,
1D1AD13A-3FD,WRG-005,2025-10-10,HPP,324515.0,544512.4285714285,0.595973540680037,0.0990076006070656,0,Restok minuman botol
ECC988A4-551,WRG-005,2025-10-10,HPP,530260.0,409092.4285714286,1.296186296704866,0.057210853955911745,0,Restok beras ke agen
F0B87A77-CE6,WRG-005,2025-10-10,HPP,1304745.0,534608.8571428572,2.4405600142373785,-0.05358474698437621,1,Beli minyak goreng 1 karton
AE90AFBF-7DF,WRG-005,2025-10-11,HPP,275542.0,530219.8571428572,0.5196749919642498,0.06206531521552017,0,Restok gula & tepung
C90A17AF-9A5,WRG-005,2025-10-11,HPP,1000247.0,582564.8571428572,1.7169710595068017,0.07923929340727176,0,Beli minyak goreng 1 karton
98AB1428-8E3,WRG-005,2025-11-10,HPP,961567.0,691935.5714285715,1.3896770735673365,0.09481824344405537,0,Beli minyak goreng 1 karton
63E77DDB-4C4,WRG-005,2025-11-10,HPP,550418.0,706756.2857142857,0.7787946299532634,0.0393052790606242,0,Beli detergen & sabun
6D35960D-0C4,WRG-005,2025-11-10,HPP,407689.0,718638.2857142857,0.5673076540791036,0.11487683716803343,0,Restok beras ke agen
874E9CE8-177,WRG-005,2025-11-11,HPP,987150.0,783908.2857142857,1.2592672101947786,0.15641321042394712,0,Restok telur 1 peti
504E2B57-B0B,WRG-005,2025-11-11,HPP,1073312.0,750846.4285714285,1.4294694083344037,0.14710844179583743,0,Beli gas LPG 3kg isi 10
05E90515-844,WRG-005,2025-11-12,HPP,221251.0,743090.5714285715,0.29774432418736113,0.10336826093577128,0,Restok snack & biskuit 1 dus
1242A3C4-1F0,WRG-005,2025-11-12,HPP,1042378.0,749109.2857142857,1.3914898932351087,0.13093535685095947,0,Beli detergen & sabun
BA8075D8-8F4,WRG-005,2025-11-12,HPP,1391301.0,810499.8571428572,1.7165962310031253,0.032422449131703335,0,Restok beras ke agen
6A2B2312-597,WRG-005,2025-12-10,HPP,882728.0,857972.7142857143,1.0288532319292871,0.1591649515223783,0,Restok snack & biskuit 1 dus
E5442B1A-6F7,WRG-005,2025-12-10,HPP,500450.0,871224.2857142857,0.5744215447227793,0.12817800254641826,0,Beli detergen & sabun
3E8E55F3-2FC,WRG-005,2025-12-10,HPP,193519.0,757848.4285714285,0.255353171827235,0.015135292409603651,0,Belanja ke pasar induk
A110ECD8-3ED,WRG-005,2026-01-02,HPP,684715.0,702334.5714285715,0.974912851872388,0.1081610144394971,0,Beli minyak goreng 1 karton
49F32D80-A52,WRG-005,2026-01-02,HPP,349538.0,720661.2857142857,0.48502397302160377,0.13154029899707342,0,Belanja ke pasar induk
7F6B1EDF-0B2,WRG-005,2026-01-02,HPP,677601.0,668550.2857142857,1.0135378212815278,0.09478402077591591,0,Ambil indomie 2 dus ke distributor
4C28F9FF-4A1,WRG-005,2026-01-03,HPP,392070.0,525803.0,0.7456594960469985,0.05881624705091171,0,
B7BBF885-469,WRG-005,2026-01-04,HPP,397475.0,456481.14285714284,0.8707369542412643,0.04039845841743095,0,Restok gula & tepung
62700498-DAC,WRG-005,2026-02-01,HPP,1046053.0,534424.4285714285,1.9573450315439496,0.01152930534899399,0,Restok rokok ke agen
1DF835BC-EF8,WRG-005,2026-02-01,HPP,1160903.0,672622.1428571428,1.7259363408239183,0.06755349308428937,0,
2EED1517-158,WRG-005,2026-02-02,HPP,1049705.0,724763.5714285715,1.4483412817381824,0.09592853759427816,0,Restok gula & tepung
33F687F5-8BB,WRG-005,2026-02-03,HPP,838116.0,794560.4285714285,1.0548171918237632,0.1464735968719461,0,Restok beras ke agen
B7EBB36F-7B8,WRG-005,2026-02-04,HPP,732309.0,802375.8571428572,0.9126757659529351,0.09598012318870763,0,Restok snack & biskuit 1 dus
93D01002-48D,WRG-005,2026-02-04,HPP,413075.0,805376.5714285715,0.5128967177022425,0.13904279111036705,0,Beli minyak goreng 1 karton
0FDC1C53-6DD,WRG-005,2026-02-04,HPP,337096.0,796751.0,0.4230882672252686,0.11965492272473344,0,Beli minyak goreng 1 karton
CDBBBF56-9D8,WRG-005,2026-03-01,HPP,1196840.0,818292.0,1.4626074799704751,0.11177945846277532,0,Restok minuman botol
E4D98B76-A3F,WRG-005,2026-03-03,HPP,93801.0,665848.8571428572,0.1408743125316728,0.05898474862061287,0,Restok telur 1 peti
16C57D6C-6C2,WRG-005,2026-03-04,HPP,561869.0,596158.0,0.9424833685029808,0.11896056019680007,0,Restok gula & tepung
B51A0DFD-472,WRG-005,2026-03-04,HPP,649228.0,569174.0,1.140649432335279,0.05942245482728137,0,Restok rokok ke agen
92034C2A-B8F,WRG-005,2026-03-04,HPP,502855.0,536394.8571428572,0.9374717026156637,0.06488294081733847,0,Belanja ke pasar induk
CB1019B5-119,WRG-005,2026-05-01,HPP,278980.0,517238.4285714286,0.5393644102788738,0.022508522886502957,0,Beli minyak goreng 1 karton
9BFC44AD-D08,WRG-005,2026-05-01,HPP,216496.0,500009.85714285716,0.4329834640402803,0.05568077727441678,0,Beli gas LPG 3kg isi 10
21DC3555-D8B,WRG-005,2026-06-01,HPP,1167503.0,495818.85714285716,2.3546966461253707,-0.04316089260296796,1,
A0AE09D8-2D0,WRG-005,2026-06-02,HPP,809877.0,598115.4285714285,1.3540480002904363,0.06606598993358859,0,
D9E672D4-B48,WRG-005,2026-06-03,HPP,1057889.0,668975.4285714285,1.5813570346807528,0.05378162425208044,0,Belanja ke pasar induk
93E67611-22C,WRG-005,2026-06-03,HPP,1388381.0,774568.7142857143,1.79245685294729,0.08696757111677389,0,Ambil indomie 2 dus ke distributor
3B277F17-443,WRG-005,2026-06-03,HPP,275517.0,742091.8571428572,0.37127074950097627,0.11576464346091342,0,Restok snack & biskuit 1 dus
779B4D64-4A0,WRG-005,2026-06-04,HPP,769934.0,812228.1428571428,0.9479282474646022,0.1731818249187842,0,Restok beras ke agen
25677DC1-DEF,WRG-005,2026-06-04,HPP,534443.0,857649.1428571428,0.6231487601323485,0.15376789458822554,0,
34631D7D-D27,WRG-005,2026-06-04,HPP,689869.0,789415.7142857143,0.8738982357656928,0.17334753380571222,0,
5008BA4B-E1C,WRG-005,2026-07-03,HPP,252891.0,709846.2857142857,0.356261637328323,0.1026044758756729,0,Restok snack & biskuit 1 dus
9E7FA12C-95B,WRG-005,2026-07-03,HPP,1366662.0,753956.7142857143,1.8126531326068926,0.0847894337680537,0,Beli gas LPG 3kg isi 10
872129C4-D76,WRG-005,2026-07-03,HPP,536808.0,632303.4285714285,0.8489721480916487,0.15900414795603413,0,Beli minyak goreng 1 karton
31A2E826-228,WRG-005,2026-08-02,HPP,674400.0,689286.7142857143,0.9784027256333514,0.1177844486543661,0,Restok gula & tepung
DC891ED2-276,WRG-005,2026-09-02,HPP,633182.0,669750.7142857143,0.9453995143182271,0.14102202815989612,0,Beli aqua 1 karton
9749B661-046,WRG-005,2026-09-02,HPP,510352.0,666309.1428571428,0.7659387620160869,0.13768213076494634,0,Restok rokok ke agen
856A28B2-A03,WRG-005,2026-09-02,HPP,973865.0,706880.0,1.3776949411498416,0.1455691013296897,0,Restok telur 1 peti
BA270BCE-E06,WRG-005,2026-09-03,HPP,1439788.0,876436.7142857143,1.6427746311077467,0.057311039026225474,0,
C96FB1C7-832,WRG-005,2026-09-03,HPP,759151.0,789649.4285714285,0.9613772549337446,0.1693852292696274,0,
0C8E1385-22E,WRG-005,2026-09-03,HPP,977901.0,852662.7142857143,1.146879045624974,0.15839173604556878,0,Ambil indomie 2 dus ke distributor
D925B9B3-A8F,WRG-005,2026-09-04,HPP,1138448.0,918955.2857142857,1.2388502658375886,0.11592931883177326,0,Beli gas LPG 3kg isi 10
494F50CC-9AC,WRG-005,2026-09-04,HPP,116429.0,845133.4285714285,0.13776404537305523,0.043608096746345804,0,Restok minuman botol
07869122-692,WRG-005,2026-09-04,HPP,790250.0,885118.8571428572,0.892817945999827,0.10183535306337294,0,
AC280C9A-476,WRG-005,2026-10-03,HPP,1342878.0,937835.0,1.4318915374239605,0.07783878597088123,0,Beli aqua 1 karton
BD49BEE7-C1C,WRG-005,2026-10-04,HPP,252596.0,768236.1428571428,0.3287999430234714,0.05205682339162865,0,Beli minyak goreng 1 karton
C32194C9-184,WRG-005,2026-10-04,HPP,1087708.0,815172.8571428572,1.3343280391012597,0.12246481276925919,0,Beli minyak goreng 1 karton
1BDF8677-11C,WRG-005,2026-11-01,HPP,630458.0,765538.1428571428,0.8235487753059613,0.11991927925482565,0,
F5677DA9-2B8,WRG-005,2026-11-02,HPP,1487275.0,815370.5714285715,1.8240479263241218,-0.009254577299146138,1,Restok gula & tepung
1053DE08-EC4,WRG-005,2026-11-02,HPP,90418.0,811654.7142857143,0.11139958705170724,0.00030121718202458236,0,Beli detergen & sabun
361F5827-929,WRG-005,2026-12-01,HPP,989285.0,840088.2857142857,1.1775964703029511,0.13959152522689322,0,Beli aqua 1 karton
2C89EAB4-103,WRG-005,2026-12-01,HPP,259391.0,685304.4285714285,0.3785047771261615,0.03188344945484212,0,Beli detergen & sabun
25BCB65E-D5D,WRG-005,2026-12-01,HPP,842848.0,769626.1428571428,1.0951395139346878,0.09694787745375816,0,Beli gas LPG 3kg isi 10
856599D8-ACD,WRG-005,2026-12-03,HPP,1494503.0,827739.7142857143,1.8055228886651393,0.07735912691538716,0,Restok telur 1 peti
D8AD42E5-20C,WRG-005,2026-12-03,HPP,800432.0,852021.7142857143,0.9394502353394079,0.16776789948529092,0,Ambil indomie 2 dus ke distributor
064BB228-34F,WRG-005,2026-12-04,HPP,960729.0,776800.8571428572,1.2367764416914355,0.1345067351123848,0,Ambil indomie 2 dus ke distributor
15DBA626-687,WRG-005,2025-01-10,Operasional,64906.0,64906.0,1.0,0.1352756089234764,0,Beli struk kasir
CE7BD876-FE4,WRG-005,2025-01-11,Operasional,113827.0,89366.5,1.2737099472397375,0.016343237271860822,0,Bayar air PDAM
EBA5ACEB-94F,WRG-005,2025-04-12,Operasional,63501.0,80744.66666666667,0.7864420353872701,0.07144271812795888,0,Beli baterai timbangan
24D73300-4D8,WRG-005,2025-05-11,Operasional,44684.0,71729.5,0.6229515053081368,0.0829338092212496,0,Bensin motor untuk belanja
39B058FE-F35,WRG-005,2025-06-11,Operasional,26462.0,62676.0,0.42220307613759656,0.12232618691205449,0,Bayar listrik warung
F898CE34-8CA,WRG-005,2025-07-12,Operasional,68141.0,63586.833333333336,1.0716212213744458,0.1335236091424325,0,Bayar parkir pasar
2A9A5A00-C61,WRG-005,2025-08-10,Operasional,114681.0,70886.0,1.6178229833817679,0.06681762204244912,0,Bayar parkir pasar
7835476D-6F3,WRG-005,2025-10-12,Operasional,13372.0,63524.0,0.2105031169321831,0.06974700993646976,0,Bayar air PDAM
DEA47045-F4C,WRG-005,2026-01-02,Operasional,92755.0,60513.71428571428,1.5327930386500346,0.07073854266655533,0,Ongkos kirim barang dari distributor
BDE0697D-469,WRG-005,2026-02-03,Operasional,86769.0,63837.71428571428,1.3592121987897885,0.11433669992063189,0,
F241D946-F20,WRG-005,2026-03-01,Operasional,57282.0,65637.42857142857,0.8727032921112085,0.041863181542322825,0,Ongkos kirim barang dari distributor
6A139C96-FE1,WRG-005,2026-03-03,Operasional,46214.0,68459.14285714286,0.6750595767235515,0.12563568084021032,0,
CA21C9CA-7E1,WRG-005,2026-03-04,Operasional,40887.0,64565.71428571428,0.6332617930790335,0.14247943644644856,0,Beli baterai timbangan
027F041C-B71,WRG-005,2026-05-04,Operasional,35715.0,53284.857142857145,0.670265473439251,0.07874432147521893,0,Bayar air PDAM
71DCAC64-685,WRG-005,2026-06-01,Operasional,93838.0,64780.0,1.4485643717196666,0.08996661297298592,0,Beli label harga
4FBA0DAD-A36,WRG-005,2026-06-02,Operasional,61962.0,60381.0,1.0261837332935857,0.12754006297065568,0,Beli kantong kresek
DA7C5B14-5E0,WRG-005,2026-07-02,Operasional,14506.0,50057.71428571428,0.2897855047316812,0.07338068737228609,0,Bayar parkir pasar
075D2E9C-D74,WRG-005,2026-08-01,Operasional,105215.0,56905.28571428572,1.8489495075777544,0.08082608865803409,0,Ongkos kirim barang dari distributor
0E2014E0-354,WRG-005,2026-08-02,Operasional,109306.0,65918.42857142857,1.6582009366554769,0.07624591236363587,0,Bayar air PDAM
3B544CD5-40A,WRG-005,2026-09-01,Operasional,65955.0,69499.57142857143,0.9489986577512296,0.13053830129961785,0,Bayar air PDAM
EA51CBF1-4A2,WRG-005,2026-12-02,Operasional,42939.0,70531.57142857143,0.608791199888196,0.12525183822849156,0,Beli selotip & alat tulis
2B3C72C1-247,WRG-005,2026-12-03,Operasional,59042.0,65560.71428571429,0.9005698098817889,0.11411537472759031,0,Bayar listrik warung
BCA4A44C-C27,WRG-005,2025-01-10,Overhead,908955.0,908955.0,1.0,0.047861178317060604,0,Bayar cicilan etalase
DB0ED8FE-EAC,WRG-005,2025-01-11,Overhead,970982.0,939968.5,1.0329941907627755,-0.0005105350812540932,1,Gaji karyawan
32D2AA5D-975,WRG-005,2025-01-12,Overhead,316499.0,732145.3333333334,0.4322898550196773,0.0463458710418132,0,Bayar cicilan etalase
1D3D5F81-D58,WRG-005,2025-02-10,Overhead,548839.0,686318.75,0.7996852774312228,0.09571578069689646,0,Bayar sewa toko bulan ini
1675B408-227,WRG-005,2025-02-12,Overhead,595780.0,668211.0,0.8916045979488515,0.12000059462285356,0,Gaji karyawan
D4FB61B1-7EE,WRG-005,2025-03-11,Overhead,469029.0,635014.0,0.7386120620962687,0.10339849452393168,0,Bayar cicilan etalase
05CBB453-AC7,WRG-005,2026-01-02,Overhead,788730.0,656973.4285714285,1.2005508376724956,0.12767486307786402,0,Gaji karyawan
22F4BA26-B69,WRG-005,2026-01-03,Overhead,497562.0,598203.0,0.8317611245680814,0.13159837840122152,0,Gaji karyawan
75A2C3DE-F93,WRG-005,2026-02-01,Overhead,382210.0,514092.71428571426,0.7434651170480923,0.0756790132083408,0,Bayar sewa toko bulan ini
F8CC796C-A6D,WRG-005,2026-02-03,Overhead,491467.0,539088.1428571428,0.9116635313016663,0.12806835795355714,0,Bayar cicilan etalase
9BE8E37B-913,WRG-005,2026-02-04,Overhead,525304.0,535726.0,0.980546025393578,0.15470947169708948,0,Gaji karyawan
E2B42B6B-148,WRG-005,2026-03-03,Overhead,839848.0,570592.8571428572,1.4718866342025212,0.09450081791176496,0,Bayar iuran keamanan RT
2223055B-D93,WRG-005,2026-03-04,Overhead,600183.0,589329.1428571428,1.0184173093667763,0.15698155402322067,0,Bayar sewa toko bulan ini
